soc_id,pref_name_for_society,Lat,Long,mean_temperature,variance_temperature,mean_precipitation,variance_precipitation,net_primary_productivity,environmental_predictability
Aa1,!Kung,-20.0,21.0,,,89005.31128,12332083886.0,0.535641315,0.49423852
Ab1,Herero,-21.0,16.0,,,,,,
Ad31,Duruma,-4.0,39.0,,,,,,
Ad32,Giriama,-3.0,40.0,,,,,,
Ad33,Pokomo,-1.0,40.0,,,,,,
Na3,Copper Inuit,69.0,-110.0,,,23707.46593,183123376.7,0.183300395,0.87740825
Na22,Iglulik Inuit,70.0,-82.0,,,,,0.03775527,0.923344012
Na1,Nabesna,63.0,-141.0,,,,,0.853137352,0.717028392
Na10,Chugach,60.72,-146.49,,,,,0.148509552,0.817477643
Na11,Sivokakmeit,63.34,-170.3,,,,,0.244701737,0.820881733
Na12,Nunamiut,68.0,-152.0,,,,,0.281002964,0.841657515
Ad34,Kamba,-2.0,38.0,,,,,,
Na13,Nunatsiarmiut,65.24,-64.63,,,,,0.007733586,0.946720033
Na14,Inughuit (Northern Greenland),78.0,-70.0,,,,,0.001313564,0.938081071
Na15,Tlicho,63.0,-117.0,,,,,0.396763834,0.819329833
Na16,Délįne,65.0,-119.0,,,,,0.629641742,0.781656898
Na17,DeneTha,61.0,-120.0,,,31319.66652,263255952.1,0.947159091,0.754767549
Na19,Dakelh,54.0,-124.0,,,,,1.546226532,0.655976347
Na2,Tareumiut,71.0,-157.0,,,,,0.076094222,0.902033866
Na20,Kutchin,66.0,-135.0,,,,,0.585912796,0.790480444
Na21,Caribou Inuit,63.0,-96.0,,,,,0.263698123,0.859126933
Na23,Labrador Inuit,58.0,-65.0,,,,,0.240427372,0.840679693
Ad35,Meru,0.0,35.0,,,,,,
Na24,Tasiilaq,66.0,-37.0,,,,,0.006637456,0.943352485
Na25,Kalaallit (West Greenland),68.66,-51.22,,,,,0.080001294,0.877161321
Na26,Dena'ina,62.0,-144.0,,,,,1.06506917,0.693965671
Na27,Tahltan,58.0,-131.0,,,,,0.430298913,0.784252602
Na28,Sekani,56.0,-123.0,,,,,1.212895257,0.714659897
Na29,Beaver,58.0,-117.0,,,,,1.173344862,0.72389612
Na30,Dene,60.0,-105.0,,,,,1.022511117,0.732108322
Na31,Eastern Cree,51.0,-85.0,,,,,,
Na32,Montagnais,48.0,-72.0,,,77742.71082,1142304198.0,0.68781497,0.776017732
Na33,Northern Saulteaux,52.0,-98.0,,,42363.33643,506258688.6,1.675932559,0.645525247
Ad36,Pare,-4.0,38.0,,,,,,
Na34,Pekangekum,52.0,-94.0,,,,,1.563920455,0.642226069
Na35,Nipigon,50.0,-88.0,,,,,2.013624012,0.650159348
Na36,Minnesota Ojibwa,49.0,-96.0,,,,,,
Na37,Rainy River Ojibwe,49.0,-92.0,,,,,1.547172031,0.626160283
Na38,Katikitegon,46.0,-92.0,,,,,1.290977026,0.661135914
Na39,Eastern Ojibwa,46.0,-85.0,,,,,1.547172031,0.626160283
Na4,Kaska,59.0,-128.0,,,81754.22642,1398625820.0,1.496220356,0.689513765
Na40,Ottawa,46.0,-82.0,,,,,,
Na41,Mi'kmaq,47.0,-65.0,,,99384.76652,1638214920.0,1.851380031,0.585335837
Na42,Potawatomi,44.0,-85.0,,,,,,
Ad37,Teita,-4.0,39.0,,,,,,
Na43,Netsilik,69.0,-96.0,,,,,0.013295616,0.938139569
Na44,Nunavimmiut,62.0,-76.0,,,,,,
Na45,Mistissini Cree,51.75,-72.66,,,,,0.898795702,0.717345369
Na5,Naskapi,58.0,-70.0,,,,,0.484683794,0.802409623
Na6,Nunivak,60.0,-166.0,,,,,0.402637105,0.783375846
Na7,Attawapiskat Cree,53.0,-83.0,,,,,0.568317688,0.78549195
Na8,Deg Xit'an,62.0,-160.0,,,58884.31679,886700088.8,0.822004694,0.7284674
Na9,Aleut,53.86,-166.79,,,81344.04697,992190434.1,0.78629879,0.679336825
Nb1,Haida,54.0,-132.0,,,110998.4727,4443168997.0,1.804001976,0.553202816
Nb10,Alkatcho,53.0,-126.0,,,,,0.654743083,0.758214554
Ad38,Kara,-2.0,33.0,,,,,,
Nb11,Nuu chah nulth,49.16,-125.85,,,,,2.200442348,0.535965268
Nb12,Klahoose,51.0,-125.0,,,,,,
Nb13,Squamish,50.0,-123.0,,,,,1.384424407,0.618123155
Nb14,Comox,49.72,-124.97,,,,,2.088449964,0.543079789
Nb15,Lummi,48.84,-123.27,,,,,2.273036067,0.524826066
Nb16,Klallam,48.0,-123.0,,,,,2.006768775,0.542718822
Nb17,Puyallup,47.0,-122.0,,,,,2.335869565,0.541883568
Nb18,Quileute,47.91,-124.59,,,,,2.722498765,0.559586745
Nb19,Lower Chinook,45.99,-123.77,,,,,2.89107584,0.554628796
Nb2,Twana,48.0,-123.0,,,124285.276,10458341660.0,1.96975667,0.547035261
Ad39,Sonjo,-3.0,36.0,,,,,,
Nb20,Tillamook,44.75,-123.72,,,,,3.07173913,0.559680149
Nb21,Coos,43.0,-124.0,,,,,3.390933794,0.554132961
Nb22,Tlingit,58.12,-133.92,,,,,1.311678607,0.600104514
Nb23,Heiltsuk,52.0,-128.0,,,,,0.601500741,0.71414798
Nb24,Makah,48.33,-124.62,,,,,2.991806653,0.564010523
Nb25,Quinault,47.42,-124.16,,,,,2.719484931,0.535699555
Nb26,Cowichan,49.01,-122.73,,,,,2.569965106,0.532546431
Nb27,Stó:lō,49.0,-122.0,,,,,1.900846097,0.549099991
Nb28,Alsea,44.0,-124.0,,,,,3.163729002,0.555027764
Nb29,Siuslaw,44.0,-124.0,,,,,,
Ad4,Kikuyu,-1.0,37.0,,,48525.62043,2391993146.0,,
Nb3,Kwakwaka'wakw,51.0,-127.49,,,,,2.00510746,0.545254903
Nb30,Takelma,42.0,-123.0,,,,,2.354588686,0.495518446
Nb31,Tututni,42.0,-124.0,,,,,3.501019022,0.547751731
Nb32,Shasta,41.0,-122.0,,,,,1.477291255,0.55037718
Nb33,Chimariko,41.0,-123.0,,,,,2.132104104,0.460864853
Nb34,Karuk,42.0,-123.0,,,,,2.230150692,0.463771984
Nb35,Hupa,41.0,-123.0,,,,,2.875697875,0.442710744
Nb36,Wiyot,39.81,-123.55,,,,,3.080320691,0.467681956
Nb37,Lassik,40.0,-123.0,,,,,2.135636997,0.433849534
Nb38,Mattole-Bear River,40.35,-123.47,,,,,3.530825408,0.464935662
Ab10,Pondo Xhosa,-31.0,30.0,,,,,,
Ad40,Tiriki,0.0,35.0,,,,,,
Nb39,Sinkyone,39.73,-123.6,,,,,2.997399951,0.425947335
Nb4,Yurok,41.0,-124.0,,,101372.2761,10790474701.0,2.93826581,0.456424118
Nb5,Eyak,60.34,-144.85,,,174457.3566,6981751820.0,0.359547925,0.738474004
Nb6,Tolowa,42.0,-124.0,,,,,2.630360672,0.440225463
Nb7,Tsimshian,54.64,-130.25,,,,,1.085400198,0.622611642
Nb8,Haisla,54.0,-129.0,,,,,0.599703557,0.718628004
Nb9,Nuxalk,52.0,-127.0,,,192758.4857,16364533162.0,0.957546937,0.698414829
Nc1,Nomlaki,39.0,-122.0,,,,,1.421494147,0.490513131
Nc10,Achumawi,41.0,-121.0,,,,,1.020516304,0.600263728
Nc11,Yana,41.0,-122.0,,,,,1.295694979,0.521318338
Ad41,Vugusu,1.0,35.0,,,,,,
Nc12,Maidu,40.0,-121.0,,,,,1.346035079,0.550573694
Nc13,Nisenan,39.0,-121.0,,,,,1.659925058,0.490663546
Nc14,Wintu,41.0,-122.0,,,,,1.547928202,0.477132428
Nc15,Coast Yuki,39.34,-123.77,,,,,3.122976725,0.44919285
Nc16,Huchnom,39.0,-123.0,,,,,,
Nc17,Northern Pomo,39.0,-123.0,,,,,2.465376835,0.453174655
Nc18,Eastern Pomo,39.0,-123.0,,,63918.08859,6496817890.0,1.69943097,0.464977164
Nc19,Southern Pomo,38.55,-122.94,,,,,,
Nc2,Tübalulabal,39.0,-118.0,,,,,0.6078125,0.673990077
Nc20,Wappo,38.22,-122.56,,,,,2.227877964,0.467713796
Ad42,Haya,-1.0,32.0,,,,,,
Nc21,Lake Miwok,38.75,-123.2,,,,,1.513451087,0.536051185
Nc22,Patwin,39.0,-122.0,,,,,0.906975514,0.601264417
Nc23,Western Mono,37.0,-119.0,,,,,0.116742836,0.829072926
Nc24,Southern Valley Yokuts,36.0,-120.0,,,32750.64532,2700143356.0,0.605056174,0.617540205
Nc25,Wukchumni,36.0,-119.0,,,,,1.381334112,0.542105055
Nc26,Salinan,36.0,-121.0,,,,,2.214426877,0.526890093
Nc27,Kawaiisu,35.0,-118.0,,,,,0.19958004,0.756278844
Nc28,Chumash,34.44,-119.71,,,,,1.478964921,0.543693557
Nc29,Tongva,34.0,-118.0,,,,,1.199342674,0.551230366
Nc3,Northern Foothill Yokuts,36.0,-120.0,,,,,1.087530879,0.556248492
Ad43,Kerewe,-3.0,33.0,,,,,,
Nc30,Serrano,34.0,-117.0,,,,,0.128872283,0.809058753
Nc31,Cahuilla (Desert),33.0,-116.0,,,,,0.253693182,0.712841409
Nc32,Cupeño,33.0,-117.0,,,,,0.941637331,0.5735412
Nc33,Luiseño,33.0,-117.0,,,,,1.220272491,0.529868297
Nc34,Kiliwa,31.0,-115.0,,,,,0.160560771,0.80141357
Nc4,Atsugewi,41.0,-121.0,,,,,1.254286067,0.542586867
Nc5,Central Sierra Miwok,38.0,-120.0,,,,,1.636688993,0.513566554
Nc6,Kumeyaay,32.0,-116.0,,,,,0.720238389,0.611441519
Nc7,Yuki,40.0,-123.0,,,,,2.124674628,0.474142293
Nc8,Klamath,43.0,-122.0,,,133841.3102,15025939486.0,1.187407362,0.61630307
Ad44,Konjo,-1.0,30.0,,,,,,
Nc9,Modoc,42.0,-122.0,,,,,0.574413291,0.704875914
Nd1,Tenino,45.0,-121.0,,,,,0.491539032,0.749666134
Nd10,Nlaka'pamux,50.0,-122.0,,,,,1.334974061,0.664369321
Nd11,Shuswap,51.0,-120.0,,,,,0.671671196,0.760466837
Nd12,Bitterroot Salish,46.0,-113.0,,,,,1.109788785,0.651514943
Nd13,Kalispel,49.0,-117.0,,,,,1.674512105,0.566896446
Nd14,Coeur d’Alene,48.0,-117.0,,,,,1.691718132,0.552938891
Nd15,Sinkaitk,49.0,-120.0,,,,,1.070108696,0.692718438
Nd16,Wenatchi,48.0,-121.0,,,,,0.716903409,0.733109924
Nd17,Klikitat,46.0,-122.0,,,,,0.65600914,0.726755412
Ad45,Nyankole,0.0,31.0,,,,,,
Nd18,Wishram,46.0,-121.0,,,,,1.590921443,0.606112157
Nd19,Umatilla,46.0,-119.0,,,,,0.689834486,0.728236003
Nd2,Southern Ute,38.0,-109.0,,,,,0.665062994,0.651870671
Nd20,Nez Perce,45.0,-115.0,,,,,1.088488142,0.646715793
Nd21,Tagotoka,43.0,-117.0,,,,,,
Nd22,Wadadokado,43.0,-119.0,,,57502.65948,1405122767.0,0.329656621,0.782762716
Nd23,Atsakudokwa,42.0,-118.0,,,,,,
Nd24,Kidutokado,42.0,-120.0,,,,,0.605545949,0.674758135
Nd25,Sawakudokwa,41.0,-118.0,,,,,,
Ad46,Soga,1.0,33.0,,,,,,
Nd27,Kuyuidokado,40.0,-119.0,,,,,0.334813488,0.776104238
Nd28,Toedokado,40.0,-118.0,,,,,0.227550642,0.777068875
Nd29,Tunava (Deep Springs and Fish Lake),37.0,-118.0,,,,,0.292366601,0.801918028
Nd3,Havasupai,36.0,-112.0,,,39414.61818,1623479162.0,,
Nd30,Eastern Mono,37.0,-118.0,,,,,0.318311512,0.797787195
Nd31,Koso,36.0,-118.0,,,,,0.177649457,0.841698416
Nd32,Tümpisa Shoshone (Saline and Panamint),36.0,-117.0,,,,,0.163358449,0.855627342
Nd33,Beatty,37.0,-116.0,,,,,,
Nd34,Lida Shoshoni,37.0,-117.0,,,,,,
Nd35,Mahaguaduka,39.0,-117.0,,,,,0.330515069,0.769652674
Ad47,Sumbwa,-4.0,32.0,,,,,,
Nd36,Wiyambituka,39.0,-117.0,,,,,0.271844121,0.773600486
Nd37,Railroad Valley Shoshoni,39.0,-116.0,,,,,0.281027411,0.768239268
Nd38,Ely Shoshoni,39.0,-115.0,,,,,,
Nd4,Sanpoil,48.0,-119.0,,,,,0.808621542,0.69327407
Nd40,Tubaduka,40.0,-113.0,,,,,0.29673913,0.717104635
Nd41,Wadaduka,41.0,-116.0,,,,,0.255922678,0.770728547
Nd42,Elko Shoshoni,41.0,-116.0,,,,,,
Nd43,White Knife Shoshoni,41.0,-117.0,,,,,0.228730237,0.761719508
Nd44,Yahanduka,42.0,-115.0,,,,,,
Ad48,Toro,1.0,31.0,,,,,,
Nd45,Bohogue,43.0,-112.0,,,,,0.638031126,0.708499515
Nd47,Tukudika,44.0,-111.0,,,,,0.866551383,0.687127898
Nd46,Agaiduka,44.0,-112.0,,,,,0.364927125,0.681262858
Nd48,Gosiute,40.0,-114.0,,,,,0.187357955,0.796723329
Nd49,Antarianunts,37.0,-110.0,,,,,0.204218132,0.782185811
Nd5,Hukundika,42.0,-112.0,,,,,0.5664958,0.64973001
Nd50,Panguitch,38.0,-112.0,,,,,,
Nd51,Moapa,36.0,-115.0,,,,,,
Nd52,Shivwits,36.0,-117.0,,,,,,
Nd53,Southern Paiute (Kaibab),36.0,-113.0,,,,,0.285375494,0.767987974
Nd55,Southern Paiute (Las Vegas),36.0,-115.0,,,,,0.285375494,0.767987974
Ad49,Zinza,-3.0,31.0,,,,,,
Nd54,Chemehuevi,35.0,-115.0,,,,,,
Nd56,San Juan,36.0,-111.0,,,,,,
Nd57,Pahvant,39.0,-113.0,,,,,,
Nd58,Uintah Ute,40.0,-112.0,,,,,0.402235672,0.74489279
Nd59,Moanunts,39.0,-112.0,,,,,,
Nd6,Washo,39.0,-120.0,,,,,0.692780385,0.702988108
Nd60,Moache,37.0,-105.0,,,,,,
Nd61,Taviwatsiu,40.0,-105.0,,,,,,
Nd62,Uncompahgre Ute,39.0,-107.0,,,,,0.997677866,0.661100683
Ab11,Xhosa Ngqika,-32.89,27.91,,,,,,
Ad5,Mbugwe,-4.0,36.0,,,,,,
Nd63,Bannock,43.0,-112.0,,,,,0.474246373,0.71809779
Nd64,Wind River Eastern Shoshone,43.0,-109.0,,,,,0.300673172,0.764448431
Nd65,Hualapai,36.0,-114.0,,,,,0.157275198,0.761732569
Nd66,Yavapai,35.0,-112.0,,,,,0.477427125,0.635764621
Nd67,Tolkepaya,34.0,-114.0,,,,,,
Nd7,Kutenai,50.0,-117.0,,,79176.66775,2644522890.0,1.157028162,0.651511492
Nd8,Chilcotin,52.0,-122.0,,,,,1.264710968,0.663261928
Nd9,Lillooet,50.02,-124.78,,,,,1.041149951,0.676379615
Ne1,Gros Ventre,48.78,-108.98,,,38480.40997,590114282.0,0.488352273,0.728026915
Ne10,Arikara,46.0,-101.0,,,,,,
Ad50,Kaguru,-6.0,37.0,,,,,,
Ne11,Assiniboine,48.0,-106.0,,,,,0.798165761,0.706029782
Ne12,Blackfoot,51.0,-112.0,,,,,0.483374506,0.751376943
Ne13,Kainai,51.0,-115.0,,,,,0.950697875,0.710366665
Ne14,Bungi,51.0,-100.0,,,,,0.756571146,0.721390033
Ne15,Hidatsa,47.0,-101.0,,,37897.45785,766656465.2,,
Ne16,Karankawa,29.0,-96.0,,,,,1.37218225,0.55947781
Ne17,Kiowa,36.0,-99.0,,,,,0.604391057,0.647909638
Ne18,Piegan,49.0,-115.0,,,,,0.45389081,0.737075257
Ne19,Plains Cree,45.0,-94.0,,,,,0.812944664,0.757683992
Ne2,Kiowa Apache,36.0,-99.0,,,,,0.814497363,0.556355941
Ad51,Ngulu,-6.0,38.0,,,,,,
Ne20,Santee,45.0,-94.0,,,,,,
Ne21,Coahuilteco,29.0,-99.0,,,,,0.380817688,0.713451079
Ne3,Comanche,33.0,-100.0,,,60381.72512,1583535098.0,0.536931818,0.652309631
Ne4,Crow,45.0,-108.0,,,,,0.480650939,0.688828375
Ne5,Cheyenne,39.0,-104.0,,,,,0.496794713,0.667866462
Ne6,Mandan,47.0,-101.0,,,,,,
Ne7,Sarcee,54.0,-110.0,,,,,0.810356966,0.736542518
Ne8,Teton,43.0,-103.0,,,,,0.527402421,0.676929548
Ne9,Arapaho,40.0,-103.0,,,,,0.587963192,0.679315817
Ad6,Nyakyusa,-9.0,34.0,,,110479.4138,14085952159.0,,
Nf10,Iowa,41.0,-95.0,,,,,,
Nf11,Otoe,40.0,-95.0,,,,,,
Nf12,Ponca,43.0,-99.0,,,,,,
Nf13,Shawnee,37.0,-85.0,,,,,,
Nf14,Caddo,33.0,-93.0,,,,,,
Nf15,Kickapoo,43.0,-90.0,,,,,,
Nf2,Ho Chunk,44.0,-88.0,,,,,,
Nf3,Omaha,41.0,-96.0,,,53964.64499,1387105739.0,,
Nf4,Myaamia,40.0,-86.0,,,,,,
Nf5,Wichita,34.0,-98.0,,,,,,
Ad7,Ganda,1.0,32.0,,,136714.3062,15279696081.0,,
Nf6,Pawnee,42.0,-100.0,,,49431.81182,1386862473.0,,
Nf7,Fox,45.0,-95.0,,,,,,
Nf8,Hasinai,31.0,-95.0,,,,,,
Nf9,Menominee,46.0,-88.0,,,,,,
Ng1,Huron,44.0,-78.0,,,76328.79119,1124859360.0,,
Ng10,Seneca,43.0,-77.0,,,,,,
Ng11,Yuchi,35.0,-86.0,,,,,,
Ng12,Choctaw,33.0,-88.0,,,,,,
Ng13,Abenaki,46.0,-70.0,,,,,,
Ng14,Chickasaw,35.0,-85.0,,,,,,
Ad8,Hehe,-8.0,35.0,,,,,,
Ng15,Chitimacha,30.0,-90.0,,,,,,
Ng2,Seminole,27.0,-81.0,,,,,,
Ng3,Muscogee,33.0,-84.0,,,104125.265,2746224264.0,,
Ng4,Penobscot,45.0,-68.0,,,,,,
Ng5,Cherokee,36.0,-83.0,,,,,,
Ng6,Delaware,41.0,-75.0,,,,,,
Ng7,Natchez,32.0,-91.0,,,88985.11871,1994728610.0,,
Ng8,Timucua,27.0,-82.0,,,,,,
Ng9,Catawba,35.0,-80.0,,,,,,
Nh1,Chiricahua,31.0,-108.0,,,44151.73182,1165794130.0,0.473585721,0.637546828
Ad9,Gisu,1.0,34.0,,,,,,
Nh10,Isleta,35.0,-107.0,,,,,,
Nh11,San Ildefonso,36.0,-106.0,,,,,,
Nh12,Santa Ana,35.0,-107.0,,,,,,
Nh13,Acoma,35.0,-108.0,,,,,,
Nh14,Laguna,35.0,-107.0,,,,,,
Nh15,Mescalero,33.0,-103.0,,,,,,
Nh16,Jicarilla,36.0,-104.0,,,,,,
Nh17,Western Apache,34.0,-110.0,,,,,,
Nh18,Hopi,36.0,-111.0,,,,,,
Nh19,Cocopa,32.0,-115.0,,,,,,
Ae1,Amba,1.0,30.0,,,,,,
Nh2,Hano,36.0,-111.0,,,,,,
Nh20,Kamia,33.0,-115.0,,,,,,
Nh21,Mojave,35.0,-114.0,,,,,,
Nh22,Quechan,33.0,-114.0,,,,,,
Nh23,Kewyipaya,34.0,-111.0,,,,,,
Nh24,Lipan Apache,30.0,-100.0,,,,,1.030873271,0.55856781
Nh25,Sia,36.0,-107.0,,,,,,
Nh26,Santa Clara,36.0,-106.0,,,,,,
Nh27,Kewa,36.0,-105.0,,,,,,
Nh3,Navajo,37.0,-110.0,,,,,,
Ae10,Banyaruanda,-2.0,30.0,,,,,,
Nh4,Zuni,35.0,-109.0,,,41598.72726,789133235.5,,
Nh5,Maricopa,33.0,-113.0,,,,,,
Nh6,Taos,37.0,-106.0,,,,,,
Nh7,Cochiti,36.0,-106.0,,,,,,
Nh8,Jemez,36.0,-107.0,,,,,,
Nh9,Picuris,36.0,-106.0,,,,,,
Ni1,Tarahumara,28.0,-107.0,,,,,,
Ni2,Tohono O'odham,31.0,-112.0,,,24749.73991,704821051.5,,
Ni3,Huichol,22.0,-105.0,,,140587.693,16962515259.0,,
Ni4,Seri,29.0,-112.0,,,,,0.253236166,0.704390767
Ae11,Songola,-4.0,26.0,,,,,,
Ni5,Chichimeca,22.0,-100.0,,,,,2.045361907,0.474331473
Ni6,Pima,31.0,-111.0,,,,,,
Ni7,Yaqui,28.0,-110.0,,,,,,
Ni8,Opata,30.0,-110.0,,,,,,
Ni9,Tepehuán,27.0,-107.0,,,,,,
Nj1,Chinantec,18.0,-96.0,,,,,,
Nj10,Zapotec,17.0,-96.0,,,,,,
Nj11,Huastec,22.0,-99.0,,,,,,
Nj12,Mixtec,18.0,-98.0,,,,,,
Nj13,Otomí,20.0,-99.0,,,,,,
Ab12,Zulu,-29.0,31.0,,,,,,
Ae12,Duala,4.0,10.0,,,,,,
Nj14,Tequistlatec,16.0,-96.0,,,,,,
Nj2,Aztec,19.0,-99.0,,,119352.1513,8269156567.0,,
Nj3,Sierra Popoluca,18.0,-95.0,,,130746.3881,4265147622.0,,
Nj4,Totonac,20.0,-97.0,,,,,,
Nj5,Mazateco,18.0,-97.0,,,,,,
Nj6,Huave,16.22,-95.02,,,,,,
Nj7,Mixe,17.0,-95.0,,,,,,
Nj8,Tarasco,19.0,-101.0,,,,,,
Nj9,Tlaxcalans,19.0,-98.0,,,,,,
Sa1,Guna,9.0,-78.0,,,156628.3718,21744630225.0,,
Ae13,Bashi,-2.0,29.0,,,,,,
Sa10,Lacandon,16.9,-91.0,,,,,,
Sa11,Kaqchikel,14.0,-91.0,,,,,,
Sa12,Lenca,14.0,-88.0,,,,,,
Sa13,K'iche',15.0,-91.0,,,90766.66603,9210797676.0,,
Sa14,Ngäbe,8.0,-81.0,,,,,,
Sa15,Jakaltek,14.0,-90.0,,,,,,
Sa16,Tolupan,15.0,-87.0,,,,,,
Sa17,Poqomam,15.0,-91.0,,,,,,
Sa2,Tzeltal,17.0,-92.0,,,,,,
Sa3,Ch'orti',14.0,-89.0,,,,,,
Ae14,Ha,-5.0,30.0,,,,,,
Sa4,Emberá,8.0,-78.0,,,,,,
Sa5,Bribri,9.0,-83.0,,,112754.134,13672070334.0,,
Sa6,Yucatec Maya,18.0,-90.0,,,,,,
Sa7,Garifuna,16.0,-89.0,,,,,,
Sa8,Mam,15.0,-92.0,,,,,,
Sa9,Miskito,14.766,-84.089,,,75804.73836,3617435018.0,,
Sb1,Callinago,15.41,-61.27,,,41612.62295,1681700105.0,,
Sb2,Cágaba,11.0,-74.0,,,,,,
Sb3,Barí (Motilon),9.0,-72.0,,,,,,
Sb4,Cariña,9.0,-64.0,,,,,,
Ae15,Hunde,-2.0,28.0,,,,,,
Sb5,Paraujano,11.0,-72.0,,,,,1.95853405,0.47665959
Sb6,Wayuu,12.0,-72.0,,,25502.39621,690620975.3,,
Sb7,Yupa,9.0,-72.0,,,,,,
Sb8,Taíno,19.94,-75.37,,,,,,
Sb9,Haitians,18.41,-72.17,,,47850.05771,1380097250.0,,
Sc1,Warao,9.0,-62.0,,,60798.89339,2053100779.0,,
Sc10,Lokono,5.95,-56.98,,,,,,
Sc11,Camaracoto,6.0,-63.0,,,,,,
Sc12,Macushi,4.0,-59.0,,,,,,
Sc13,Panare,6.0,-66.0,,,,,,
Ae16,Lulua,-6.0,23.0,,,,,,
Sc14,Rucuyen,3.0,-55.0,,,,,,
Sc15,Taulípang,4.0,-62.0,,,,,,
Sc16,Ye'kuana,3.0,-65.0,,,,,,
Sc17,Piapoco,6.0,-68.0,,,,,,
Sc18,Ndyuka,5.0,-54.0,,,,,,
Sc2,Pumé,7.0,-68.0,,,,,0.854570158,0.595748947
Sc3,Barama River Carib,5.0,-59.0,,,82988.23465,3196062741.0,,
Sc4,Guahibo,5.0,-69.0,,,,,1.053724061,0.55765746
Sc5,Wapishana,3.0,-60.0,,,,,,
Sc6,Saramaccan ,4.0,-56.0,,,98884.88474,7982395717.0,,
Ae17,Rega,-3.0,28.0,,,,,,
Sc7,Yabarana,5.0,-66.0,,,,,,
Sc8,Piaroa,5.0,-67.0,,,,,,
Sc9,Curripaco,5.0,-67.0,,,,,,
Sd1,Munduruku,-6.0,-58.0,,,192012.6226,20091075180.0,,
Sd2,Tapirapé,-11.0,-52.0,,,,,,
Sd3,Palikur,3.0,-52.0,,,,,,
Sd4,Guaica,2.0,-65.0,,,,,,
Sd5,Sateré Mawé,-4.0,-57.0,,,,,,
Sd6,Shiriana,4.0,-63.0,,,,,3.885437253,0.40011345
Sd7,Wai-wai,1.0,-59.0,,,,,,
Ae18,Songye,-6.0,25.0,,,,,,
Sd8,Sanema,4.0,-66.0,,,,,,
Sd9,Yanomami,2.0,-65.0,,,190459.4902,18950462637.0,,
Se1,Sirionó,-16.0,-64.0,,,99838.91166,6801139023.0,2.382996443,0.373796305
Se10,Cocama,1.0,-79.0,,,,,,
Se11,Chácobo,-12.0,-67.0,,,,,,
Se12,Tucano,0.0,-70.0,,,,,,
Se2,Ticuna,-3.0,-70.0,,,,,,
Se3,Shuar,-3.0,-78.0,,,118612.3793,8841008874.0,,
Se4,Yagua,-3.0,-72.0,,,,,,
Se5,Cubeo,1.0,-71.0,,,248037.8708,8701186359.0,,
Ae19,Garanganze,-11.0,28.0,,,,,,
Se6,Witoto,-1.0,-74.0,,,,,,
Se7,Camba,-18.0,-63.0,,,,,,
Se8,Amahuaca,-10.0,-72.0,,,114339.026,5823699641.0,,
Se9,Shipibo-Conibo,-9.0,-74.0,,,,,,
Sf1,Inca,-13.0,-72.0,,,308214.4876,41396047734.0,,
Sf2,Aymara,-16.0,-69.0,,,233882.1462,31254400384.0,,
Sf3,Chachi,1.0,-79.0,,,256564.7474,16219626157.0,,
Sf4,U'wa,7.0,-72.0,,,,,,
Sf5,Páez,3.0,-76.0,,,,,,
Sf6,Muisca,5.0,-72.0,,,,,,
Ae2,Kpe,4.22,9.27,,,,,,
Sf7,Asháninka,-8.0,-75.0,,,,,,
Sf8,Piro,-12.0,-73.0,,,,,,
Sf9,Uru,-16.0,-69.0,,,,,,
Sg1,Yahgan,-55.02,-68.98,,,107757.5695,671652292.3,0.626957757,0.67167513
Sg2,Mapuche,-39.0,-68.0,,,72565.77687,4295021417.0,,
Sg3,Ona,-54.0,-69.0,,,,,0.794589921,0.71727481
Sg4,Tehuelche,-46.0,-70.0,,,42585.36177,602182954.4,0.358917984,0.828147742
Sg5,Alacaluf,-52.0,-74.0,,,,,0.529409585,0.649165618
Sh1,Wichí,-24.0,-63.0,,,,,,
Sh2,Terena,-21.0,-58.0,,,,,,
Ae20,Ekonda,-2.0,18.0,,,,,,
Sh3,Abipón,-29.0,-61.0,,,97160.2799,4294289799.0,,
Sh4,Kadiwéu,-22.0,-57.0,,,,,,
Sh5,Choroti,-22.0,-62.0,,,,,,
Sh6,Chamacoco,-20.0,-59.0,,,,,,
Sh7,Guaraní,-20.0,-63.0,,,,,,
Sh8,Toba,-25.0,-60.0,,,,,,
Sh9,Lengua,-23.0,-59.0,,,97963.01778,6264653158.0,,
Si1,Bororo,-16.0,-55.0,,,,,1.247056528,0.396600062
Si10,Kuikuru,-13.0,-54.0,,,,,,
Si2,Trumai,-12.0,-53.0,,,138303.4017,16468389692.0,,
Ab13,Tswana,-24.0,27.0,,,,,,
Ae21,Kela,-3.0,23.0,,,,,,
Si3,Bacairi,-14.0,-55.0,,,,,,
Si4,Nambikwara,-12.0,-59.0,,,120205.1524,11398012340.0,3.488660597,0.34181991
Si5,Kamayurá,-12.0,-54.0,,,,,,
Si6,Guató,-19.0,-58.0,,,,,0.912658251,0.406482046
Si7,Paresi,-15.0,-58.0,,,,,,
Si8,Umotina,-15.0,-57.0,,,,,,
Si9,Aweti,-12.0,-54.0,,,,,,
Sj1,Carajá,-12.0,-50.0,,,,,,
Sj10,Cayua,-26.0,-54.0,,,113613.6315,8296807517.0,,
Sj11,Shavante,-14.0,-52.0,,,118024.232,15093364988.0,,
Ae22,Kutsu,-4.0,22.0,,,,,,
Sj2,Sherente,-9.0,-48.0,,,,,,
Sj3,Aweikoma,-28.0,-50.0,,,137273.047,4735082752.0,3.890785573,0.40819057
Sj4,Canela,-7.0,-45.0,,,245475.6144,70161254041.0,,
Sj5,Aimoré,-18.0,-42.0,,,81377.52946,6701922887.0,1.56999753,0.525694399
Sj6,Tenetehara,-3.0,-46.0,,,,,,
Sj7,Apinaye,-6.0,-49.0,,,,,,
Sj8,Tupinambá,-8.0,-35.0,,,119486.3602,9477828432.0,,
Sj9,Kayapo,-8.0,-52.0,,,,,,
Ae23,Lalia,-1.0,23.0,,,,,,
Ae24,Mongo,1.0,22.0,,,,,,
Ae25,Tetela,-4.0,25.0,,,,,,
Ae26,Topoke,0.0,24.0,,,,,,
Ae27,Lokele,1.0,25.0,,,,,,
Ae28,Ngala,1.0,18.0,,,,,,
Ae29,Poto,2.0,22.0,,,,,,
Ae3,Fang,1.0,11.0,,,,,,
Ab14,Lovedu,-24.0,31.0,,,,,,
Ae30,Bira,1.0,29.0,,,,,,
Ae31,Budu,2.0,28.0,,,,,,
Ae32,Kumu,-1.0,27.0,,,,,,
Ae33,Ndaka Babali,1.0,27.0,,,,,,
Ae34,Plains Bira,1.0,30.0,,,,,,
Ae35,Rumbi,0.0,28.0,,,,,,
Ae36,Bombesa,1.0,23.0,,,,,,
Ae37,Budja,3.0,23.0,,,,,,
Ae38,Ndoko,2.0,21.0,,,,,,
Ae39,Ngombe,2.0,20.0,,,,,,
Ab15,Pedi,-25.0,30.0,,,,,,
Ae4,Nkundo,0.0,20.0,,,196079.7625,7122628458.0,,
Ae40,Dzem,3.0,14.0,,,,,,
Ae41,Kota,1.0,14.0,,,,,,
Ae42,Ngumba,3.0,11.0,,,,,,
Ae43,Sanga,2.0,16.0,,,,,,
Ae44,Bubi,3.54,8.72,,,,,,
Ae45,Kundu,10.0,9.0,,,,,,
Ae46,Mpongwe,-2.0,10.0,,,,,,
Ae47,Puku,2.0,10.0,,,,,,
Ae48,Bafia,5.0,11.0,,,,,,
Ab16,Lenge,-25.0,34.0,,,,,,
Ae49,Bali Nyonga,6.0,10.0,,,,,,
Ae5,Bamileke,5.0,10.0,,,,,,
Ae50,Bamum,6.0,11.0,,,,,,
Ae51,Banen,5.0,11.0,,,202490.323,13427796171.0,,
Ae52,Fungom,7.0,10.0,,,,,,
Ae53,Koko,4.0,11.0,,,,,,
Ae54,Kom,6.0,10.0,,,,,,
Ae55,Ndob,6.0,10.0,,,,,,
Ae56,Nsaw,6.0,11.0,,,,,,
Ae57,Nsungli,6.0,11.0,,,,,,
Ab17,Ndau,-20.0,34.0,,,,,,
Ae58,Tikar,6.0,12.0,,,,,,
Ae59,Widikum,6.0,10.0,,,,,,
Ae6,Luba,-8.0,26.0,,,,,,
Ae7,Baboa,3.0,25.0,,,,,,
Ae8,Rundi,-3.0,30.0,,,,,,
Ae9,Fut,6.0,10.0,,,,,,
Af1,Fon,7.0,2.0,,,118937.9075,7891901482.0,,
Af10,Igbo,6.0,7.0,,,138728.1945,8374543041.0,,
Af11,Toma,11.0,-9.0,,,,,,
Af12,Akyem,7.0,-1.0,,,,,,
Ab18,Shona,-19.0,31.0,,,,,,
Af13,Ebira,8.0,7.0,,,,,,
Af14,Sherbro,7.52,-12.69,,,,,,
Af15,Kpelle,7.0,-9.0,,,,,,
Af16,Banyang,6.0,9.0,,,,,,
Af17,Boki,6.0,9.0,,,,,,
Af18,Ekoi,6.0,8.0,,,,,,
Af19,Efik,5.0,8.0,,,,,,
Af2,Kissi,9.0,-10.0,,,,,,
Af20,Ibibio,5.0,8.0,,,,,,
Af21,Ijaw,4.37,6.58,,,,,,
Aa2,Dorobo,0.0,36.0,,,,,3.046226532,0.385359395
Ab19,Ambo,-17.0,16.0,,,,,,
Af22,Itsekiri,6.0,5.0,,,,,,
Af23,Afikpo,6.0,8.0,,,,,,
Af24,Edo,6.0,6.0,,,,,,
Af25,Isoko,5.0,6.0,,,,,,
Af26,Kukuruku,7.0,6.0,,,,,,
Af27,Eloyi,8.0,8.0,,,,,,
Af28,Gbagyi,10.0,10.0,,,,,,
Af29,Idoma,7.0,8.0,,,,,,
Af3,Ashanti,7.0,-2.0,,,116987.9963,6752452184.0,,
Af30,Igala,7.0,7.0,,,,,,
Ab2,Swazi,-27.0,32.0,,,,,,
Af31,Koro,18.0,8.0,,,,,,
Af32,Egba,7.0,3.0,,,,,,
Af33,Ekiti,8.0,5.0,,,,,,
Af34,Ife,7.0,5.0,,,,,,
Af35,Adangme,6.0,0.0,,,,,,
Af36,Ewe,7.0,1.0,,,,,,
Af37,Buem,7.22,0.46,,,,,,
Af38,Abron,7.53,-2.15,,,,,,
Af39,Anyi,7.0,-4.0,,,,,,
Af4,Yako,6.0,8.0,,,,,,
Ab20,Ngumbi,-15.0,15.0,,,,,,
Af40,Assini,5.27,-3.58,,,,,,
Af41,Attie,6.0,-4.0,,,,,,
Af42,Fante,6.0,-1.0,,,,,,
Af43,Ga,6.0,0.0,,,,,,
Af44,Alagya,5.22,-4.42,,,,,,
Af45,Avikam,5.15,-5.25,,,,,,
Af46,Bakwe,5.0,-7.0,,,,,,
Af47,Krahn,6.0,-8.0,,,,,,
Af48,Kru,5.0,-9.0,,,,,,
Af49,Sapo,6.0,-9.0,,,,,,
Ab21a,Kisama,-10.0,14.0,,,,,,
Af5,Mende,8.0,-11.0,,,235053.3197,57923937221.0,,
Af50,Dan,8.0,-8.0,,,,,,
Af51,Gagu,7.0,-6.0,,,,,,
Af52,Guro,7.0,-6.0,,,,,,
Af53,Tura,8.0,-7.0,,,,,,
Af54,Gbande,8.0,-10.0,,,,,,
Af55,Gola,7.0,-11.0,,,,,,
Af56,Ngere,7.0,-8.0,,,,,,
Af57,Temne,8.46,-12.64,,,,,,
Af58,Vai,6.89,-11.2,,,,,,
Ab21b,Bomvana,-32.17,28.93,,,,,,
Af6,Oyo Yoruba,8.0,4.0,,,,,,
Af7,Bete,6.0,-7.0,,,,,,
Af8,Nupe,9.0,6.0,,,,,,
Af9,Baule,8.0,-5.0,,,,,,
Ag1,Bambara,13.0,-7.0,,,80352.35982,9041559139.0,,
Ag10,Konkomba,10.0,0.0,,,,,,
Ag11,Lobi,10.0,-4.0,,,,,,
Ag12,Nankanse,10.0,-1.0,,,,,,
Ag13,Kasena,11.0,-1.0,,,,,,
Ag14,Baga,10.0,-14.0,,,,,,
Ab22,Chopi,-24.76,34.47,,,,,,
Ag15,Balanta,12.0,-16.0,,,,,,
Ag16,Banyun,12.0,-16.0,,,,,,
Ag17,Biafada,12.0,-15.0,,,,,,
Ag18,Bijogo,11.1,-16.15,,,,,,
Ag19,Diola,12.88,-16.19,,,,,,
Ag2,Mossi (Yatenga),13.0,-2.0,,,,,,
Ag20,Papel,12.0,-16.0,,,,,,
Ag21,Bassari,12.0,-13.0,,,,,,
Ag22,Serer,14.0,-12.0,,,,,,
Ag23,Kasonke,13.0,-11.0,,,,,,
Ab3,Lozi,-15.0,23.0,,,105957.4902,16848707242.0,,
Ag24,Koranko,9.0,-11.0,,,,,,
Ag25,Soninke,15.0,10.0,,,,,,
Ag26,Susu,15.0,-13.0,,,,,,
Ag27,Diula,9.0,-4.0,,,,,,
Ag28,Nononke,14.0,-4.0,,,,,,
Ag29,Samo,13.0,-3.0,,,,,,
Ag3,Dogon,15.0,-3.0,,,,,,
Ag30,Bobo,13.0,-4.0,,,,,,
Ag31,Minianka,12.0,-6.0,,,,,,
Ag32,Senufo,10.0,-6.0,,,,,,
Ab4,Tsonga,-24.0,32.0,,,134197.5831,12418251664.0,,
Ag33,Dyan,11.0,-3.0,,,,,,
Ag34,Dorosie,11.0,-4.0,,,,,,
Ag35,Kulango,7.0,-3.0,,,,,,
Ag36,Lowiili,11.0,-3.0,,,,,,
Ag37,Awuna,11.0,-2.0,,,,,,
Ag38,Builsa,11.0,-2.0,,,,,,
Ag39,Dagara,11.0,-3.0,,,,,,
Ag4,Tallensi,11.0,-1.0,,,87246.74111,8784440210.0,,
Ag40,Isala,10.0,-2.0,,,,,,
Ag41,Kusasi,11.0,0.0,,,,,,
Ab5,Mbundu,-12.0,16.0,,,122664.1291,13661008540.0,,
Ag42,Nunuma,12.0,-3.0,,,,,,
Ag43,Vagala,8.0,-2.0,,,,,,
Ag44,Dagomba,9.0,0.0,,,,,,
Ag45,Gurma,12.0,2.0,,,,,,
Ag46,Manprusi,10.0,-1.0,,,,,,
Ag47,Mossi (Ouagadougou),12.0,-2.0,,,,,,
Ag48,Basari,9.0,1.0,,,,,,
Ag49,Kabre,10.0,2.0,,,,,,
Ag5,Birifor,10.0,-3.0,,,,,,
Ag50,Moba,11.0,1.0,,,,,,
Ab6,Venda,-23.0,30.0,,,,,,
Ag51,Somba,11.0,1.0,,,,,,
Ag52,Tem,11.0,1.0,,,,,,
Ag53,Bisa,12.0,0.0,,,,,,
Ag54,Yalunka,10.0,-12.0,,,,,,
Ag6,Futajalonke,11.0,-13.0,,,,,,
Ag7,Bozo,14.0,-5.0,,,,,,
Ag8,Coniagui,13.0,-13.0,,,,,,
Ag9,Malinke,11.0,-9.0,,,,,,
Ah1,Katab,10.0,8.0,,,,,,
Ah10,Chawai,10.0,9.0,,,,,,
Aa3,Nama,-26.0,18.0,,,17684.0747,386520647.7,,
Ab7,Nyaneka,-15.0,14.0,,,,,,
Ah11,Basa,8.0,8.0,,,,,,
Ah12,Basakomo,8.0,7.0,,,,,,
Ah13,Dakakari,12.0,5.0,,,,,,
Ah14,Kamuku,11.0,6.0,,,,,,
Ah15,Reshe,11.0,5.0,,,,,,
Ah16,Angas,9.0,9.0,,,,,,
Ah17,Birom,10.0,9.0,,,,,,
Ah18,Burmawa,10.0,10.0,,,,,,
Ah19,Adara,10.0,8.0,,,,,,
Ah2,Jukun,8.0,10.0,,,,,,
Ab8,Sotho,-29.0,28.0,,,,,,
Ah20,Kagoro,10.0,8.0,,,,,,
Ah21,Kurama,10.0,9.0,,,,,,
Ah22,Yergum,9.0,10.0,,,,,,
Ah23,Jibu,8.0,11.0,,,,,,
Ah24,Kentu,7.0,10.0,,,,,,
Ah25,Tigon,17.0,11.0,,,,,,
Ah26,Ndoro,7.0,11.0,,,,,,
Ah27,Zuande,7.0,11.0,,,,,,
Ah28,Chamba,8.0,11.0,,,,,,
Ah29,Daka,8.0,11.0,,,,,,
Ab9,Ndebele,-20.0,28.0,,,,,,
Ah3,Tiv,7.0,9.0,,,150153.6253,12760382786.0,,
Ah30,Longuda,10.0,12.0,,,,,,
Ah31,Mumuye,9.0,12.0,,,,,,
Ah32,Vere,9.0,13.0,,,,,,
Ah33,Yungur,10.0,12.0,,,,,,
Ah34,Bata,10.0,13.0,,,,,,
Ah35,Bura,10.0,12.0,,,,,,
Ah36,Gude,10.0,13.0,,,,,,
Ah37,Hwana,10.0,13.0,,,,,,
Ah38,Kapsiki,11.0,14.0,,,,,,
Ac1,Ila,-16.0,27.0,,,,,,
Ah39,Podokwo,11.0,14.0,,,,,,
Ah4,Mambila,7.0,12.0,,,,,,
Ah5,Margi,11.0,13.0,,,,,,
Ah6,Gure,10.0,8.0,,,,,,
Ah7,Mafa,11.0,14.0,,,,,,
Ah8,Bafute,6.0,12.0,,,,,,
Ah9,Anaguta,10.0,9.0,,,,,,
Ai1,Banda,7.0,22.0,,,,,,
Ai10,Otoro,12.0,31.0,,,78687.64992,5077602208.0,,
Ai11,Mangbetu,3.0,28.0,,,,,,
Ac10,Chewa,-14.0,33.0,,,,,,
Ai12,Fali,10.0,14.0,,,,,,
Ai13,Laka,8.0,16.0,,,,,,
Ai14,Mbum,7.0,14.0,,,,,,
Ai15,Mundang,10.0,14.0,,,,,,
Ai16,Namshi,9.0,13.0,,,,,,
Ai17,Gisiga,10.0,14.0,,,,,,
Ai18,Kotoko,12.0,15.0,,,,,,
Ai19,Musgu,11.0,15.0,,,,,,
Ai2,Nyaro,11.0,31.0,,,,,,
Ai20,Tupuri,10.0,15.0,,,,,,
Ac11,Luvale,-12.0,22.0,,,,,,
Ai21,Bagirmi,11.0,17.0,,,,,,
Ai22,Sara,9.0,18.0,,,,,,
Ai23,Bwaka,3.0,19.0,,,,,,
Ai24,Mandja,6.0,18.0,,,,,,
Ai25,Mbandja,4.0,21.0,,,,,,
Ai26,Ngbandi,4.0,22.0,,,,,,
Ai27,Abarambo,4.0,27.0,,,,,,
Ai28,Popoi,2.0,26.0,,,,,,
Ai29,Lendu,2.0,30.0,,,,,,
Ai3,Azande,5.0,27.0,,,177589.0625,12359177298.0,,
Ac12,Chokwe,-10.0,21.0,,,,,,
Ai30,Lese,2.0,29.0,,,,,,
Ai31,Logo,3.0,30.0,,,,,,
Ai32,Lugbara,3.0,32.0,,,,,,
Ai33,Madi,4.0,32.0,,,,,,
Ai34,Moru,5.0,30.0,,,,,,
Ai35,Bongo,7.0,29.0,,,,,,
Ai36,Jur,8.0,28.0,,,,,,
Ai37,Koalib,12.0,31.0,,,,,,
Ai38,Korongo,10.0,30.0,,,,,,
Ai39,Mesakin,11.0,30.0,,,,,,
Ac13,Tonga,-12.0,34.0,,,,,,
Ai4,Ingassana,11.0,34.0,,,,,,
Ai40,Moro,11.0,30.0,,,,,,
Ai41,Tira,11.0,30.0,,,,,,
Ai42,Tullishi,12.0,29.0,,,,,,
Ai43,Nyimang,12.0,29.0,,,,,,
Ai44,Anuak,8.0,34.0,,,,,,
Ai45,Meban,10.0,34.0,,,,,,
Ai46,Koma,9.0,35.0,,,,,,
Ai47,Mao,9.0,35.0,,,155669.8544,15401726272.0,,
Ai5,Mamvu,3.0,29.0,,,,,,
Ac14,Bakongo,-7.0,15.0,,,,,,
Ai6,Shilluk,10.0,32.0,,,103070.9455,7214008844.0,,
Ai7,Gbaya,6.0,16.0,,,,,,
Ai8,Dilling,12.0,30.0,,,,,,
Ai9,Masa,10.0,16.0,,,77687.35904,6003048458.0,,
Aj1,Teso,2.0,34.0,,,,,,
Aj10,Acholi,3.0,32.0,,,,,,
Aj11,Dinka,9.0,29.0,,,,,,
Aj12,Lotuko,4.0,33.0,,,,,,
Aj13,Pojulu,4.0,31.0,,,,,,
Aj14,Kakwa,4.0,31.0,,,,,,
Ac15,Mbala,-5.0,18.0,,,,,,
Aj15,Kuku,4.0,32.0,,,,,,
Aj16,Mondari,6.0,31.0,,,,,,
Aj17,Alur,2.0,31.0,,,,,,
Aj18,Bodi,5.0,35.0,,,,,,
Aj19,Didinga,4.0,34.0,,,,,,
Aj2,Maasi,-2.0,36.0,,,71294.36767,4960612801.0,,
Aj20,Suri,6.0,35.0,,,,,,
Aj21,Jie,3.0,34.0,,,,,,
Aj22,Labwor,3.0,34.0,,,,,,
Aj23,Plains Suk,1.0,36.0,,,,,,
Aa4,Bergdama,-22.0,16.0,,,,,,
Ac16,Mitsogho,-1.0,12.0,,,,,,
Aj24,Toposa,5.0,34.0,,,,,,
Aj25,Keyu,0.0,36.0,,,,,,
Aj26,Hill Suk,1.0,36.0,,,,,,
Aj27,Sapei,1.0,35.0,,,,,,
Aj28,Tatoga,-5.0,35.0,,,,,,
Aj29,Samburu,1.0,37.0,,,,,,
Aj3,Nuer,8.0,32.0,,,,,,
Aj30,Karamojong,2.0,34.0,,,,,,
Aj31,Pari,5.0,33.0,,,,,,
Aj4,Lango,2.0,33.0,,,,,,
Ac17,Suku,-6.0,18.0,,,138862.8088,9110469846.0,,
Aj5,Turkana,4.0,35.0,,,,,,
Aj6,Luo,-1.0,34.0,,,,,,
Aj7,Nandi,0.0,35.0,,,,,,
Aj8,Bari,5.0,32.0,,,,,,
Aj9,Kipsigis,-1.0,36.0,,,,,,
Ca1,Konso,6.0,37.0,,,71439.83592,3899447287.0,,
Ca10,Somali (Esa),10.0,43.0,,,,,,
Ca11,Arusi,8.0,40.0,,,,,,
Ca12,Gibe,8.0,37.0,,,,,,
Ca13,Macha,9.0,37.0,,,,,,
Ac18,Sundi,-5.0,14.0,,,,,,
Ca14,Burji,5.0,38.0,,,,,,
Ca15,Darasa,6.0,38.0,,,,,,
Ca16,Sidama,7.0,38.0,,,,,,
Ca17,Tsamai,5.0,37.0,,,,,,
Ca18,Arbore,5.0,37.0,,,,,,
Ca19,Banna,6.0,36.0,,,,,,
Ca2,Somali (Dolbahanta),8.0,48.0,,,38064.71543,1958075071.0,,
Ca20,Galab,5.0,36.0,,,,,,
Ca21,Hamar,5.0,36.0,,,,,,
Ca22,Male,6.0,37.0,,,,,,
Ac19,Teke,-3.0,15.0,,,,,,
Ca23,Bako,6.0,37.0,,,,,,
Ca24,Dime,6.0,36.0,,,,,,
Ca25,Shangama,6.0,37.0,,,,,,
Ca26,Ubamer,6.0,37.0,,,,,,
Ca27,Anfillo,9.0,35.0,,,,,,
Ca28,Basketo,6.0,37.0,,,,,,
Ca29,Yem,8.0,38.0,,,,,,
Ca3,Tigrinya,14.0,39.0,,,,,,
Ca30,Kafa,7.0,36.0,,,122950.5082,9764798501.0,,
Ca31,Beta Israel,12.0,37.0,,,,,,
Ac2,Pende,-6.0,20.0,,,,,,
Ca32,Nara,16.0,38.0,,,,,,
Ca33,Kunama,15.0,37.0,,,,,,
Ca34,Ababda,24.0,34.0,,,,,,
Ca35,Amarar,20.0,36.0,,,,,,
Ca36,Beni-Amer,18.0,38.0,,,,,,
Ca37,Blin,16.0,36.0,,,27176.8216,772235381.7,,
Ca38,Tigre,17.0,39.0,,,,,,
Ca39,Jimma,8.0,37.0,,,,,,
Ca4,Iraqw,-4.0,35.0,,,,,,
Ca40,Baditu,6.0,38.0,,,,,,
Ac20,Yaka,-7.0,17.0,,,,,,
Ca41,Dorse,6.0,38.0,,,,,,
Ca42,Shako,7.0,36.0,,,,,,
Ca43,Hadendowa,18.0,36.0,,,,,,
Ca5,Bisharin,20.0,35.0,,,,,,
Ca6,Afar,12.0,42.0,,,,,,
Ca7,Amhara,13.0,38.0,,,73701.39815,7102274111.0,,
Ca8,Gurage,8.0,38.0,,,,,,
Ca9,Goroa,-4.0,36.0,,,,,,
Cb1,Maguzawa,12.0,10.0,,,,,,
Cb10,Karekare,12.0,11.0,,,,,,
Ac21,Bunda,-5.0,19.0,,,,,,
Cb11,Midobi,16.0,27.0,,,,,,
Cb12,Gimma,13.0,32.0,,,,,,
Cb13,Habbaniya,11.0,25.0,,,,,,
Cb14,Hemat,11.0,20.0,,,,,,
Cb15,Messiria Humr,11.0,28.0,,,,,,
Cb16,Shuwa,13.0,15.0,,,,,,
Cb17,Fur,12.0,24.0,,,41067.34678,2447820351.0,,
Cb18,Kanembu,14.0,14.0,,,,,,
Cb19,Kanuri,12.0,13.0,,,,,,
Cb2,Wolof,15.0,-17.0,,,20853.1957,950682474.2,,
Ac22,Dzing,-4.0,20.0,,,,,,
Cb20,Zerma,13.0,3.0,,,,,,
Cb21,Djafun,8.0,13.0,,,,,,
Cb22,Liptako,14.0,0.0,,,,,,
Cb23,Tukulor,14.73,-14.32,,,,,,
Cb24,Wodaabe Fulani,12.0,12.0,,,35297.96298,2377791781.0,,
Cb25,Tazarawa Hausa,14.0,8.0,,,,,,
Cb26,Zazzagawa Hausa,11.0,8.0,,,117300.8381,12917203638.0,,
Cb27,Bachama,10.0,12.0,,,,,,
Cb28,Dera,10.0,12.0,,,,,,
Cb29,Ngizim,12.0,10.0,,,,,,
Ac23,Lele,-5.0,21.0,,,,,,
Cb3,Songhai,17.0,-1.0,,,18839.6494,777977037.9,,
Cb4,Hasania,14.0,32.0,,,,,,
Cb5,Buduma,13.0,15.0,,,,,,
Cb6,Tera,11.0,12.0,,,,,,
Cb7,Bolewa,11.0,11.0,,,,,,
Cb8,Bororo Fulani,13.0,5.0,,,,,,
Cb9,Hausa Kanawa,12.0,9.0,,,,,,
Cc1,Regeibat,22.0,-13.0,,,,,,
Cc10,Asben,18.0,8.0,,,,,,
Cc11,Azjer,25.0,10.0,,,,,,
Ac24,Sakata,-3.0,18.0,,,,,,
Cc12,Ifora,20.0,2.0,,,,,,
Cc13,Udalan Tuareg,16.0,0.0,,,,,,
Cc14,Daza,17.0,18.0,,,,,,
Cc15,Drawa,31.0,-7.0,,,,,,
Cc16,Chaambra,32.0,3.0,,,,,,
Cc17,Delim,22.0,-15.0,,,,,,
Cc18,Kunta,19.0,-1.0,,,,,,
Cc19,Trarza,18.0,-15.0,,,,,,
Cc2,Teda,21.0,17.0,,,5593.443941,156975916.6,,
Cc20,Zenaga,18.0,-8.0,,,,,,
Aa5,Mbuti,2.0,28.0,,,246503.2234,8474274385.0,3.735700195,0.322046281
Ac25,Songo,-5.0,18.0,,,,,,
Cc3,Siwans,29.0,26.0,,,,,,
Cc4,Mzab,33.0,4.0,,,,,,
Cc5,Kel Antessar,18.0,-3.0,,,,,,
Cc6,Kababish,17.0,31.0,,,,,,
Cc7,Barabish,20.0,-5.0,,,,,,
Cc8,Aulliminden,8.0,2.0,,,,,,
Cc9,Tuareg Ahaggar,23.0,6.0,,,5723.953973,203070726.3,,
Cd1,Barabra,23.0,33.0,,,6403.366568,185140467.4,,
Cd10,Zekara,34.0,-2.0,,,,,,
Cd11,Guanche,27.99,-15.62,,,,,,
Ac26,Yanzi,-4.0,18.0,,,,,,
Cd12,Algerians,31.0,2.0,,,,,,
Cd13,Hamama,30.0,9.0,,,,,,
Cd14,Hamyan,35.0,2.0,,,,,,
Cd15,Jebala,35.0,-5.0,,,,,,
Cd16,Moroccans,33.0,-8.0,,,,,,
Cd17,Nail,35.0,5.0,,,,,,
Cd18,Saadi,30.0,28.0,,,,,,
Cd19,Sahel,35.0,10.94,,,,,,
Cd2,Egyptians,25.0,33.0,,,2906.474282,61013724.41,,
Cd20,Sanusi,31.0,22.0,,,,,,
Ac27,Luchazi,-13.0,23.0,,,,,,
Cd21,Tunisians,37.0,10.0,,,,,,
Cd3,Riffians,35.0,-4.0,,,20103.00921,374401020.2,,
Cd4,Kabyle,36.0,4.0,,,,,,
Cd5,Shluh,30.0,-9.0,,,,,,
Cd6,Ancient Egyptians,30.0,31.0,,,,,,
Cd7,Beraber,33.0,-7.0,,,,,,
Cd8,Shawiya,36.0,7.0,,,,,,
Cd9,Tekna,28.0,-11.0,,,,,,
Ce1,Gheg,42.0,20.0,,,93554.7162,4965584067.0,,
Ce2,Portuguese,42.0,-7.0,,,,,,
Ac28,Luimbe,-12.0,18.0,,,,,,
Ce3,Ancient Romans,42.0,12.0,,,55817.22675,1651724949.0,,
Ce4,French Basques,43.0,-1.0,,,,,,
Ce5,Neapolitans,40.89,14.25,,,,,,
Ce6,Spaniards,37.0,-6.0,,,,,,
Ce7,Greeks,39.0,23.0,,,,,,
Ce8,Spanish Basques,43.0,-2.0,,,72670.79897,1866041422.0,,
Cf1,New Englanders,42.0,-73.0,,,,,,
Cf2,Boers,-16.0,28.0,,,,,,
Cf3,Tristan da Cunha,-37.11,-12.27,,,,,,
Cf4,Brazilians,-23.68,-46.64,,,,,,
Ac29,Luwa,-7.0,19.0,,,,,,
Cf5,French Canadians,47.0,-72.0,,,,,,
Cg1,Dutch,53.0,7.0,,,,,,
Cg2,Icelanders,64.0,-20.0,,,,,,
Cg3,Irish,53.0,-9.0,,,132987.1573,3491045078.0,,
Cg4,Sami,68.0,22.0,,,65438.05278,713389582.7,,
Cg5,Walloons,50.0,5.0,,,,,,
Ch1,Serbs,44.0,20.0,,,,,,
Ch10,Romanians,45.0,26.0,,,,,,
Ch11,Russians,53.0,41.0,,,57571.64138,673849541.3,,
ch12,Bashkir,54.0,56.0,,,,,,
Ac3,Bemba,-11.0,31.0,,,126297.4775,20553738597.0,,
ch13,Besermyan,58.0,52.0,,,,,,
ch14,Chuvash,57.0,53.0,,,,,,
ch15,Erzya Mordvins,53.0,50.0,,,,,,
ch16,Estonians,59.0,26.0,,,,,,
ch17,Gagauz,45.44,29.32,,,,,,
ch18,Ingrians,59.0,29.0,,,,,,
ch19,Karelians,64.0,33.0,,,,,,
Ch2,Hutsuls,49.0,24.0,,,,,,
ch20,Kazan tatar,55.0,50.0,,,,,,
ch21,Latvians,57.0,24.0,,,,,,
Ac30,Plateau Tonga,-18.0,28.0,,,,,,
ch22,Lithuanian Karaim,55.0,23.0,,,,,,
ch23,Lithuanian Tatar,55.0,24.0,,,,,,
ch24,Livs,57.0,23.0,,,,,,
ch25,Moldovans,47.0,29.0,,,,,,
ch26,Udmurt,57.0,53.0,,,,,,
ch27,Veps,61.0,35.0,,,,,,
ch28,Votes,59.0,29.0,,,,,,
Ch3,Czechs,50.0,16.0,,,,,,
Ch4,Mari,43.0,46.0,,,,,,
Ch5,Bulgarians,43.0,24.0,,,,,,
Ac31,Buye,-7.0,28.0,,,,,,
Ch6,Byelorussians,55.0,28.0,,,,,,
Ch7,Ukrainians,48.0,36.0,,,,,,
Ch8,Magyar,47.0,20.0,,,,,,
Ch9,Lithuanians,55.0,24.0,,,,,,
Ci1,Kalmyk,46.0,46.0,,,,,,
Ci10,Armenians,40.0,45.0,,,47323.33138,947079949.7,,
Ci11,Kurd,32.0,44.0,,,38059.22751,1516010607.0,,
Ci12,Abkhaz,43.0,41.0,,,64914.04306,2433372879.0,,
Ci2,Khevsur,43.0,45.0,,,,,,
Ci3,Kumyk,42.0,48.0,,,,,,
Ac32,Kaonde,-13.0,26.0,,,,,,
Ci4,Cherkess,44.0,42.0,,,,,,
Ci5,Turks,38.0,30.0,,,56880.29399,1443732695.0,,
Ci6,Ossetians,43.0,44.0,,,,,,
Ci7,Chechen,43.0,46.0,,,,,,
Ci8,Georgians,42.0,45.0,,,,,,
Ci9,Svan,43.0,43.0,,,,,,
Cj1,Syrians,36.0,36.0,,,,,,
Cj10,Madan,31.0,47.0,,,,,,
Cj2,Rwala,33.0,37.0,,,13405.26359,193864144.7,,
Cj3,Hebrews,32.0,35.0,,,11135.91106,181511367.8,,
Ac33,Lala,-15.0,31.0,,,,,,
Cj4,Babylonians,32.0,45.0,,,7852.637016,171992937.7,,
Cj5,Mutair,28.0,47.0,,,,,,
Cj6,Jordanians,32.0,36.0,,,,,,
Cj7,Lebanese,34.0,36.0,,,,,,
Cj8,Druze,32.77,35.03,,,,,,
Cj9,Yemeni,15.0,45.0,,,,,,
Ea1,Sindhi,25.0,68.0,,,,,,
Ea10,Marri,30.0,69.0,,,,,,
Ea11,Ghilzai,33.0,68.0,,,,,,
Ea12,Qashqui,30.0,52.0,,,,,,
Aa6,Sandawe,-5.0,36.0,,,,,,
Ac34,Luapula,-10.0,29.0,,,,,,
Ea13,Punjabi,32.0,73.0,,,52186.41206,4649930144.0,,
Ea2,Yusufzai,35.0,72.0,,,,,,
Ea3,Hazara,35.0,66.0,,,,,,
Ea4,Kohistani,35.0,73.0,,,,,,
Ea5,Nuristani,36.0,71.0,,,,,,
Ea6,Basseri,30.0,34.0,,,18854.4264,1122702513.0,,
Ea7,Moghol,34.0,63.0,,,,,,
Ea8,Bakhtiari,33.0,48.0,,,,,,
Ea9,Iranians,36.0,52.0,,,,,,
Eb1,Kazakh,48.0,70.0,,,40559.53828,861589161.4,,
Ac35,Shila,-10.0,28.0,,,,,,
Eb2,Tu,39.0,100.0,,,,,,
Eb3,Khalka,46.0,97.0,,,33814.2071,537695284.6,,
Eb4,Dagur,49.0,125.0,,,,,,
Eb5,Turkmen,38.0,62.0,,,,,,
Eb6,Buryat,52.0,107.0,,,,,,
Eb7,Chahar,41.0,115.0,,,,,,
Eb8,Uzbek,43.0,60.0,,,,,,
Ec1,Nivkh,53.0,142.0,,,53529.81596,1086199659.0,1.021485919,0.731196523
Ec10,Ob Ostyak,62.0,74.0,,,,,,
Ec11,Selkup,59.0,90.0,,,,,,
Ac36,Tumbuka,-12.0,34.0,,,,,,
ec12,Nganasan,72.0,90.0,,,,,0.126778656,0.877095374
ec13,Itelmen,54.98,161.79,,,,,,
ec14,Ungazikmit,64.0,-173.0,,,,,0.35232831,0.837818615
ec15,Mansi,63.0,62.0,,,,,,
ec16,Evenk,55.0,112.0,,,,,,
ec17,Negidal,52.0,134.0,,,,,,
ec18,Ulch,50.0,136.0,,,,,,
ec19,Orok,54.01,142.71,,,,,,
Ec2,Yakut,65.0,125.0,,,,,,
ec20,Oroch,51.0,138.0,,,,,,
Ac37,Kunda,-15.0,32.0,,,,,,
ec21,Udihe,47.0,136.0,,,,,,
Ec3,Chukchi,66.0,177.0,,,50583.29046,715301571.4,,
Ec4,Yurak-Samoyeds,68.0,75.0,,,42108.24373,418058681.3,,
Ec5,Koryak,61.99,164.24,,,,,,
Ec6,Yukaghir,70.0,145.0,,,32568.67283,349239595.9,0.352532115,0.839625103
Ec7,Ainu,44.0,144.0,,,105774.0933,3293987850.0,1.394739686,0.647878195
Ec8,Ket,62.0,90.0,,,,,1.168008893,0.725041552
Ec9,Nanai,47.0,132.0,,,,,,
Ed1,Koreans,38.134147,126.960754,,,79581.19522,6186705294.0,,
Ed10,Shantung,37.0,118.0,,,,,,
Ac38,Nyanja,-16.0,36.0,,,,,,
Ed13,Ishigakians,24.46,124.14,,,,,,
Ed14,Man,22.0,105.0,,,,,,
Ed15a,Miyakans,24.79,125.32,,,,,,
Ed15b,Chekiang,31.0,120.0,,,124585.9307,8847579178.0,,
Ed16,Cantonese,23.0,113.0,,,,,,
Ed2,Lolo,29.0,103.0,,,108919.2477,7338060720.0,,
Ed3,Manchu,45.0,126.0,,,53252.18915,3547577607.0,,
Ed4,Miao,26.0,107.0,,,,,,
Ed5,Japanese,35.0,136.0,,,132984.2437,7394435303.0,,
Ed6,Min Chinese,24.0,115.0,,,,,,
Ac39,Nyasa,-13.0,35.0,,,,,,
Ed7,Okinawans,26.16,127.8,,,,,,
Ed8,Minchia,26.0,100.0,,,,,,
Ed9,Li,19.0,109.0,,,,,,
Ee1,Adi,28.0,95.0,,,,,,
Ee2,Burusho,37.0,75.0,,,76644.6364,2968959468.0,,
Ee3,Lepcha,28.0,89.0,,,253037.7286,96491128664.0,,
Ee4,Central Tibetans,30.0,91.0,,,,,,
Ee5,Shina,35.0,73.0,,,,,,
Ee6,Sherpa,28.0,87.0,,,,,,
Ee7,Kachari,27.0,90.0,,,,,,
Ac4,Kuba,-5.0,22.0,,,,,,
Ee8,Magar,28.0,84.0,,,,,,
Ef1,Santal,24.0,87.0,,,113006.5436,14510681796.0,,
Ef10,Bihari,25.0,86.0,,,,,,
Ef11,Uttar Pradesh,26.0,83.0,,,83071.75491,9639772522.0,,
Ef2,Bengali,23.0,88.0,,,,,,
Ef3,Indo-Iranian,30.0,75.0,,,,,,
Ef4,Ho,22.0,85.0,,,,,,
Ef5,Bhil,22.0,74.0,,,,,,
Ef6,Kurukh,23.0,85.0,,,,,,
Ef7,Pahari,30.0,78.0,,,,,,
Ac40,Sena,-18.0,35.0,,,,,,
Ef8,Kashmiri,34.0,75.0,,,,,,
Ef9,Gujarati,20.0,77.0,,,,,,
Eg1,Chenchu,16.0,79.0,,,,,1.071754994,0.497877818
Eg10,Telugu,18.0,79.0,,,,,,
Eg11,Koya,19.0,78.0,,,,,,
Eg12,Khond,18.0,82.0,,,,,,
Eg13,Muria Gond,20.0,81.0,,,,,,
Eg14,Reddi,18.0,82.0,,,,,,
Eg2,Tamil,11.0,79.0,,,,,,
Eg3,Madia,19.0,81.0,,,132169.3164,24696382253.0,,
Ac41,Makonde,-11.0,40.0,,,,,,
Eg4,Toda,12.0,77.0,,,196914.3667,36643643801.0,,
Eg5,Kodavas,12.0,76.0,,,,,,
Eg6,Kerala,11.0,76.0,,,,,,
Eg7,Hill Bhuiya,21.0,85.0,,,,,,
Eg8,Kol,22.0,85.0,,,,,,
Eg9,Baiga,22.0,81.0,,,,,,
Eh1,Andamanese,12.0,93.0,,,159977.0389,31205924957.0,3.35626179,0.408885832
Eh10,Betsileo,-22.0,47.0,,,,,,
Eh2,Merina,-19.0,46.0,,,,,,
Eh3,Tanala,-22.0,47.0,,,117686.558,10140991395.0,,
Ac42,Makua,-15.0,39.0,,,,,,
Eh4,Vedda,8.0,81.0,,,184632.9103,20512809565.0,2.800768617,0.425693832
Eh5,Nicobarese,9.17,92.77,,,172234.7797,18646177090.0,,
Eh6,Sinhalese,7.0,80.0,,,,,,
Eh7,Antandroy,-25.0,46.0,,,,,,
Eh8,Sakalava,-21.0,43.93,,,,,,
Eh9,Antaisaka,-22.9,47.75,,,,,,
Ei1,Garo,26.0,91.0,,,116149.2696,15283382412.0,,
Ei10,Chakma,23.0,92.0,,,,,,
Ei11,Aimol,25.0,94.0,,,,,,
Ei12,Thado,25.0,94.0,,,,,,
Aa7,Naron,-20.0,24.0,,,,,0.399261198,0.530622232
Ac43,Mambwe,9.0,32.0,,,,,,
Ei13,Angami,26.0,94.0,,,,,,
Ei14,Ao,27.0,94.0,,,,,,
Ei15,Rengma,26.0,94.0,,,,,,
Ei16,Sema,26.0,95.0,,,,,,
Ei17,Karbi,26.0,94.0,,,,,,
Ei18,Palaung,23.0,97.0,,,,,,
Ei19,Chin,22.0,94.0,,,,,,
Ei2,Lhota,27.0,94.0,,,,,,
Ei20,Kuki,23.0,92.0,,,,,,
Ei3,Burmese,20.0,95.0,,,101497.2786,13002196174.0,,
Ac5,Lamba,-13.0,28.0,,,,,,
Ei4,Maras,22.0,93.0,,,110430.3196,13169633272.0,,
Ei5,Kachin,26.0,97.0,,,,,,
Ei6,Purum,25.0,94.0,,,,,,
Ei7,Karen,17.12,97.19,,,,,,
Ei8,Khasi,26.0,92.0,,,,,,
Ei9,Mogh,20.49,92.64,,,,,,
Ej1,Lamet,20.0,101.0,,,122829.7259,16974664416.0,,
Ej10,Rade,13.0,108.0,,,165967.1013,14764314666.0,,
Ej11,Cham,11.0,108.0,,,,,,
Ej12,Lawa,18.0,98.0,,,,,,
Ac6,Ndembu,-11.0,26.0,,,,,,
Ej13,Muong,21.0,105.0,,,,,,
Ej14,Senoi,4.0,102.0,,,,,,
Ej15,Ancient Khmer,13.0,104.0,,,164642.8612,18111569925.0,,
Ej16,Negri Sembilan,2.58,102.25,,,251551.5052,15764910441.0,,
Ej2,Mnong Gar,12.0,107.0,,,,,,
Ej3,Semang,5.0,101.0,,,241032.2638,23289771427.0,3.913000247,0.380206402
Ej4,Annamese,17.0,107.0,,,113964.149,10912991575.0,,
Ej5,Khmer,12.0,105.0,,,,,,
Ej6,Moken,11.78,98.28,,,,,,
Ej7,Akha,21.0,100.0,,,,,,
Ac7,Yao,-13.0,36.0,,,,,,
Ej8,Malays,5.0,103.0,,,,,,
Ej9,Thai,15.0,100.0,,,149789.9338,20087073747.0,,
Ia1,Atayal,24.0,121.0,,,108121.6935,9547323655.0,,
Ia10,Bunun,24.0,121.0,,,,,,
Ia11,Puyuma,23.0,121.0,,,,,,
Ia12,Sugbuanon,10.2,123.65,,,,,,
Ia13,Badjau Tawi-Tawi,5.09,119.97,,,210298.7677,9218356714.0,,
Ia14,Tao,22.05,121.55,,,,,,
Ia15,Manobo,8.0,126.0,,,,,,
Ia16,Kalinga,18.0,121.0,,,,,,
Ac8,Yombe,-5.0,13.0,,,,,,
Ia17,Bilaan,6.0,125.0,,,,,,
Ia18,Bisayan,10.0,123.0,,,,,,
Ia2,Sagada,17.0,121.0,,,,,,
Ia3,Ifugao,17.0,121.0,,,167495.6076,21137694128.0,,
Ia4,Subanun,8.0,123.0,,,,,,
Ia5,Hanunoo,13.0,121.0,,,,,,
Ia6,Paiwan,22.44,120.77,,,,,,
Ia7,Tagbanua,10.0,119.0,,,,,,
Ia8,Bontok,17.0,121.0,,,,,,
Ia9,Ami,22.7,121.05,,,,,,
Ac9,Ngoni,-12.0,33.0,,,,,,
Ib1,Iban,2.0,112.0,,,241816.67,11016841047.0,,
Ib2,Javanese,-7.0,110.0,,,188300.9758,15377980634.0,,
Ib3,Balinese,-8.18,115.02,,,177016.7236,15887286508.0,,
Ib4,Toba Batak,2.0,99.0,,,,,,
Ib5,Kadazan-Dusun,6.0,117.0,,,,,,
Ib6,Minangkabau,-1.0,101.0,,,,,,
Ib7,Mentaweians,-2.93,100.23,,,,,,
Ib8,Anak Dalam,-3.0,103.0,,,,,3.547455534,0.429179802
Ib9,Punan,3.0,115.0,,,,,,
Ic1,Macassarese,-5.31,119.69,,,,,,
Ad1,Bajuni,-2.0,41.0,,,,,,
Ic10,Tobelorese,1.0,128.0,,,199822.1865,7304426635.0,,
Ic11,Ambonese,-3.71,128.18,,,,,,
Ic12,Sumbawanese,-8.63,117.27,,,,,,
Ic13,Kodi,-9.66,119.07,,,,,,
Ic2,Alorese,-8.22,124.26,,,168015.1538,23833377925.0,,
Ic3,Belu,-9.0,126.0,,,,,,
Ic4,Rotinese,-10.71,123.18,,,,,,
Ic5,Toradja,-2.0,121.0,,,245748.5389,14773302749.0,,
Ic6,Tanimbarese,-8.19,130.96,,,,,,
Ic7,Ili-Mandiri,-8.33,122.85,,,,,,
Ad10,Shambaa,-5.0,38.0,,,,,,
Ic8,Kei,-5.58,133.07,,,,,,
Ic9,Sumbanese,-10.0,120.0,,,,,,
Id1,Northern Aranda,-24.0,134.0,,,61707.63016,3710057302.0,0.196677372,0.628345858
Id10,Walbiri,-22.0,132.0,,,,,0.100636117,0.616299332
Id11,Gidjingali,-12.29,134.32,,,,,1.417039279,0.466212851
Id12,Yir Yoront,-15.0,142.0,,,,,1.001568676,0.484233365
Id13,Anindilyagwa,-13.99,136.6,,,,,1.509793196,0.497490896
Id2,"Yolngu, Dhuwal",-12.48,135.96,,,,,1.583306571,0.450948702
Id3,Tiwi,-11.56,130.81,,,148308.8129,27168025880.0,1.924313006,0.459368329
Id4,Diyari,-28.0,138.0,,,,,0.054625741,0.782154395
Ad11,Bena,-9.0,36.0,,,,,,
Id5,Kariyarra,-21.0,118.0,,,,,0.041409338,0.619131718
Id6,Wikmunkan,-14.0,142.0,,,,,1.847109684,0.42051342
Id7,Murriny Patha,-14.0,130.0,,,,,,
Id8,Tasmanians (northwestern),-42.0,146.0,,,,,3.639815958,0.537807037
Id9,Ngiyambaa,-32.0,146.0,,,,,0.816724308,0.551531196
Ie1,Mee,-4.0,136.0,,,330068.1364,29213650732.0,,
Ie10,Motu,-9.0,147.0,,,,,,
Ie11,Kakoli,-6.0,144.0,,,,,,
Ie12,Kwoma,-4.0,142.0,,,375291.9344,23857301913.0,,
Ie13,Kiwai,-9.0,143.0,,,,,,
Ad12,Gusii,-1.0,35.0,,,,,,
Ie14,Miriam,-9.91,144.06,,,,,,
Ie15,Abelam,-3.79,143.09,,,,,,
Ie16,Kutubu,-6.0,143.0,,,,,,
Ie17,Siane,-6.0,145.0,,,,,,
Ie18,Kimam,-7.52,138.46,,,175932.4178,13856923015.0,,
Ie19,Marind-Amin,-8.0,139.0,,,,,,
Ie2,Wantoat,-6.15,146.53,,,,,,
Ie20,Koita,-9.0,147.0,,,,,,
Ie21,Mailu,-10.0,149.0,,,,,,
Ie22,Mekeo,-9.0,147.0,,,,,,
Aa8,/Xam,-30.0,23.0,,,,,0.317632164,0.772069806
Ad13,Kiga,-3.0,30.0,,,,,,
Ie23,Muju,-6.0,141.0,,,,,,
Ie24,Koiari,-9.0,148.0,,,,,,
Ie25,Mafulu,-8.0,147.0,,,,,,
Ie26,Ngarawapum,-6.0,146.0,,,,,,
Ie27,Banaro,-4.56,144.34,,,,,,
Ie28,Busama,-6.69,147.26,,,,,,
Ie29,Manam,-4.08,145.03,,,,,,
Ie3,Arapesh,-4.0,144.0,,,,,,
Ie30,Mimika,-4.0,135.0,,,,,,
Ie31,Fore,-6.0,145.0,,,,,,
Ad14,Luguru,-8.0,38.0,,,116820.557,5819966558.0,,
Ie32,Sio,-6.0,147.0,,,,,,
Ie33,Soromadja,-2.0,138.0,,,,,,
Ie34,Bgu,-2.34,139.6,,,,,,
Ie35,Iatmul,-4.0,143.0,,,,,,
Ie36,Samarokena,-3.0,140.0,,,,,,
Ie37,Star Mountain,-5.0,141.0,,,,,,
Ie38,Dani,-4.0,139.0,,,,,,
Ie39,Elema,-7.82,145.31,,,,,,
Ie4,Wogeo,-3.24,144.1,,,,,,
Ie5,Keraki,-9.0,142.0,,,,,,
Ad15,Iwa,-10.0,32.0,,,,,,
Ie6,Waropen,-2.14,137.23,,,,,,
Ie7,Enga,-6.0,144.0,,,,,,
Ie8,Purari,-7.0,145.0,,,,,,
Ie9,Orokaiva,-9.0,148.0,,,201767.2272,11885522336.0,,
If1,Palauans,7.45,134.54,,,268661.4461,14321391631.0,,
If10,Nomoians,6.89,152.74,,,,,,
If11,Kosraeans,5.31,162.98,,,,,,
If12,Bikinians,11.7,165.29,,,,,,
If13,Nauruans,-0.53,166.92,,,,,,
If14,Makin,3.38,172.99,,,209493.3766,23456572588.0,,
Ad16,Ngonde,-10.0,34.0,,,,,,
If15,Carolinians,15.21,145.76,,,,,,
If16,Lamotrek,7.46,146.38,,,,,,
If17,Marshallese - Jaluit atoll,6.28,169.49,,,302548.2286,17777078999.0,,
If2,Trukese,7.34,151.6,,,281260.5623,18619153518.0,,
If3,Majuro,7.09,171.13,,,,,,
If4,Ifaluk,7.25,144.46,,,,,,
If5,Ponapeans,6.88,158.22,,,,,,
If6,Yapese,9.55,138.13,,,240615.9721,11339982121.0,,
If7,Gilbert Onotoa,-1.47,175.06,,,,,,
If8,Chamorro,15.13,145.71,,,,,,
Ad17,Safwa,-8.0,33.0,,,,,,
If9,Ulithians,10.02,139.79,,,,,,
Ig1,Siuai,-6.0,155.0,,,289372.4645,16864903667.0,,
Ig10,Usiai,-2.0,147.0,,,,,,
Ig11,Rossel Islanders,-11.36,154.14,,,,,,
Ig12,Choiseulese,-6.69,156.52,,,,,,
Ig13,Aua,-1.74,142.85,,,,,,
Ig14,Dahuni,-10.41,149.91,,,,,,
Ig15,Bakovi,-5.42,150.05,,,,,,
Ig16,Bwaidoga,-9.44,150.33,,,,,,
Ig17,Kombe,-4.67,149.53,,,,,,
Ad18,Bende,-7.0,31.0,,,,,,
Ig18,Kwaio,-9.0,161.0,,,,,,
Ig19,Molima,-10.0,151.0,,,,,,
Ig2,Trobriands,-8.43,151.09,,,206628.7631,12473689601.0,,
Ig20,Kaoka,-9.49,159.82,,,,,,
Ig21,Tangu,-3.38,153.31,,,,,,
Ig3,Kurtatchi,-5.6,154.91,,,,,,
Ig4,Lesu,-3.06,151.66,,,211328.1996,10332446044.0,,
Ig5,Dobuans,-10.0,151.0,,,,,,
Ig6,Ulawans,-9.63,161.44,,,,,,
Ig7,Lakalai,-5.5,150.81,,,,,,
Ad19,Fipa,-8.0,31.0,,,,,,
Ig8,Simboese,-8.0,157.0,,,,,,
Ig9,Manus,-2.0,147.0,,,219223.7921,10765114054.0,,
Ih1,Mota,-13.84,167.7,,,,,,
Ih10,Tannese,-19.6,169.44,,,,,,
Ih11,Epi,-16.61,168.17,,,,,,
Ih12,Eromangans,-18.85,169.16,,,,,,
Ih13,Ranon,-16.18,168.15,,,,,,
Ih14,Mbau Fijians,-17.81,178.32,,,157112.2663,10103352827.0,,
Ih2,Seniang,-16.51,167.47,,,,,,
Ih3,Bunlap,-15.95,168.22,,,173785.6256,13387756112.0,,
Ad2,Nyoro,2.0,32.0,,,,,,
Ih4,Lau,-17.74,-179.31,,,,,,
Ih5,Ajie,-21.37,165.47,,,95858.65084,7039369325.0,,
Ih6,Rotumans,-12.5,177.07,,,,,,
Ih7,Lifu,-20.94,167.23,,,,,,
Ih8,Vanua Levu,-17.81,178.32,,,,,,
Ih9,Santa Cruz Islanders,-10.73,165.85,,,,,,
Ii1,American Samoans,-13.68,-172.41,,,,,,
Ii10,Rennell Islanders,-11.74,160.42,,,,,,
Ii12,Tongans,-19.74,-175.07,,,,,,
Ii13,Uveans,-13.28,-176.17,,,,,,
Ad20,Nyamwezi,-5.0,33.0,,,,,,
Ii14,Upolu Samoans,-13.94,-171.77,,,219723.2625,12213542079.0,,
Ii2,Tikopia,-12.29,168.83,,,239613.6026,15697970977.0,,
Ii3,Pukapukans,-10.89,-165.84,,,,,,
Ii4,Ellice,-7.48,178.68,,,,,,
Ii5,Ontong Java,-5.48,159.7,,,,,,
Ii6,Tokelau,-9.2,-171.85,,,,,,
Ii7,Kapingamarangi,1.09,154.8,,,,,,
Ii8,Futunans,-14.31,-178.11,,,,,,
Ii9,Niueans,-19.05,-169.86,,,,,,
Ij1,Mangaians,-21.93,-157.91,,,,,,
Ad21,Pimbwe,-7.0,31.0,,,,,,
Ij10,Tongarevans,-9.02,-158.03,,,,,,
Ij2,Māori,-38.41,176.31,,,96335.55263,2880919131.0,,
Ij3,Marquesans,-8.9,-140.08,,,154798.1428,22176393604.0,,
Ij4,Manihikians,-10.41,-160.98,,,,,,
Ij5,Raroians,-15.94,-142.31,,,,,,
Ij6,Hawaiians,19.89,-155.83,,,,,,
Ij7,Mangarevans,-23.12,-134.97,,,,,,
Ij8,Tahitians,-17.71,-149.54,,,,,,
Ij9,Easter Islanders,-27.12,-109.36,,,,,,
Aa9,Hadza,-3.0,35.0,,,86607.65894,10440323091.0,1.599371402,0.522523518
Ad22,Sukuma,-3.0,34.0,,,,,,
Ad23,Sangu,-8.0,34.0,,,,,,
Ad24,Gogo,-7.0,36.0,,,,,,
Ad25,Rangi,-5.0,36.0,,,,,,
Ad26,Turu,-5.0,34.0,,,,,,
Ad27,Kwere,-7.0,39.0,,,,,,
Ad28,Zigula,-5.84,38.79,,,,,,
Ad29,Hadimu,-6.07,39.43,,,,,,
Ad3,Chagga,-3.0,37.0,,,,,,
Ad30,Digo,-4.0,39.0,,,,,,
Nd26,Wadatkuht,41.0,-120.0,,,,,0.422480237,0.756121145
Nd39,Spring Valley Shoshoni,40.0,-115.0,,,,,0.207287549,0.77956219
